{
    "1": {
        "reed": {
            "n": 223,
            "k": 255
        },
        "conv": {
            "n": 2,
            "k": 1
        },
        "SPECT": 0.981,
        "MOD": "MSK",
        "THR": 1.28520296112218
    },
    "2": {
        "reed": {
            "n": 223,
            "k": 255
        },
        "conv": {
            "n": 2,
            "k": 1
        },
        "SPECT": 1.2168,
        "MOD": "gMSK",
        "THR": 1.72520296112218
    },
    "3": {
        "reed": {
            "n": 239,
            "k": 255
        },
        "conv": {
            "n": 2,
            "k": 1
        },
        "SPECT": 1.2168,
        "MOD": "gMSK",
        "THR": 2.30172076802531
    },
    "4": {
        "reed": {
            "n": 223,
            "k": 255
        },
        "conv": {
            "n": 3,
            "k": 2
        },
        "SPECT": 0.981,
        "MOD": "MSK",
        "THR": 3.36836332208852
    },
    "5": {
        "reed": {
            "n": 223,
            "k": 255
        },
        "conv": {
            "n": 3,
            "k": 2
        },
        "SPECT": 1.2168,
        "MOD": "gMSK",
        "THR": 3.80836332208852
    },
    "6": {
        "reed": {
            "n": 239,
            "k": 255
        },
        "conv": {
            "n": 3,
            "k": 2
        },
        "SPECT": 1.2168,
        "MOD": "gMSK",
        "THR": 4.32803261120334
    },
    "7": {
        "reed": {
            "n": 223,
            "k": 255
        },
        "conv": {
            "n": 3,
            "k": 2
        },
        "SPECT": 1.52,
        "MOD": "g4FSK",
        "THR": 8.28407388133513
    },
    "8": {
        "reed": {
            "n": 223,
            "k": 255
        },
        "conv": {
            "n": 8,
            "k": 7
        },
        "SPECT": 1.2168,
        "MOD": "gMSK",
        "THR": 8.59093446921072
    },
    "9": {
        "reed": {
            "n": 239,
            "k": 255
        },
        "conv": {
            "n": 3,
            "k": 2
        },
        "SPECT": 1.52,
        "MOD": "g4FSK",
        "THR": 8.99319475941894
    },
    "10": {
        "reed": {
            "n": 239,
            "k": 255
        },
        "conv": {
            "n": 8,
            "k": 7
        },
        "SPECT": 1.2168,
        "MOD": "gMSK",
        "THR": 9.68750016012672
    },
    "11": {
        "reed": {
            "n": "Uncoded",
            "k": "Uncoded"
        },
        "conv": {
            "n": "Uncoded",
            "k": "Uncoded"
        },
        "SPECT": 1.2168,
        "MOD": "gMSK",
        "THR": 10.8175482096698
    },
    "12": {
        "reed": {
            "n": 239,
            "k": 255
        },
        "conv": {
            "n": 8,
            "k": 7
        },
        "SPECT": 1.52,
        "MOD": "g4FSK",
        "THR": 12.6623338579566
    },
    "13": {
        "reed": {
            "n": "Uncoded",
            "k": "Uncoded"
        },
        "conv": {
            "n": "Uncoded",
            "k": "Uncoded"
        },
        "SPECT": 1.52,
        "MOD": "g4FSK",
        "THR": 14.1357916948008
    }
}