{
    "1": {
        "reed": {
            "n": 239,
            "k": 255
        },
        "conv": {
            "n": 2,
            "k": 1
        },
        "SPECT": 0.570225882352941,
        "MOD": "gMSK",
        "THR": -0.16020098607274802
    },
    "2": {
        "reed": {
            "n": 223,
            "k": 255
        },
        "conv": {
            "n": 3,
            "k": 2
        },
        "SPECT": 0.571929411764706,
        "MOD": "MSK",
        "THR": 0.8312222860842291
    },
    "3": {
        "reed": {
            "n": 223,
            "k": 255
        },
        "conv": {
            "n": 3,
            "k": 2
        },
        "SPECT": 0.709402352941176,
        "MOD": "gMSK",
        "THR": 2.2067242227341604
    },
    "4": {
        "reed": {
            "n": 239,
            "k": 255
        },
        "conv": {
            "n": 3,
            "k": 2
        },
        "SPECT": 0.760301176470588,
        "MOD": "gMSK",
        "THR": 3.1706739286639416
    },
    "5": {
        "reed": {
            "n": 223,
            "k": 255
        },
        "conv": {
            "n": 3,
            "k": 2
        },
        "SPECT": 0.886169934640523,
        "MOD": "g4FSK",
        "THR": 7.700976548008489
    },
    "6": {
        "reed": {
            "n": 223,
            "k": 255
        },
        "conv": {
            "n": 8,
            "k": 7
        },
        "SPECT": 0.931090588235294,
        "MOD": "gMSK",
        "THR": 8.110696538954526
    },
    "7": {
        "reed": {
            "n": 239,
            "k": 255
        },
        "conv": {
            "n": 3,
            "k": 2
        },
        "SPECT": 0.949751633986928,
        "MOD": "g4FSK",
        "THR": 8.792132939451689
    },
    "8": {
        "reed": {
            "n": 239,
            "k": 255
        },
        "conv": {
            "n": 8,
            "k": 7
        },
        "SPECT": 0.997895294117647,
        "MOD": "gMSK",
        "THR": 9.549292786557318
    },
    "9": {
        "reed": {
            "n": "Uncoded",
            "k": "Uncoded"
        },
        "conv": {
            "n": "Uncoded",
            "k": "Uncoded"
        },
        "SPECT": 1.2168,
        "MOD": "gMSK",
        "THR": 11.67519772992252
    },
    "10": {
        "reed": {
            "n": 239,
            "k": 255
        },
        "conv": {
            "n": 8,
            "k": 7
        },
        "SPECT": 1.24654901960784,
        "MOD": "g4FSK",
        "THR": 13.680793492393072
    },
    "11": {
        "reed": {
            "n": "Uncoded",
            "k": "Uncoded"
        },
        "conv": {
            "n": "Uncoded",
            "k": "Uncoded"
        },
        "SPECT": 1.52,
        "MOD": "g4FSK",
        "THR": 15.853951429553625
    }
}